feature,shap_importance
service,28.134814065941168
num_file_creations,3.941022904301946
num_root,1.3953938210949475
num_compromised,0.89303148551479
flag,0.5406937634337371
root_shell,0.5056396626974055
num_failed_logins,0.3362092020318474
same_srv_rate,0.2357380011901413
diff_srv_rate,0.20976461726770057
serror_rate,0.19404490026332097
dst_host_srv_count,0.18762703743702525
srv_count,0.18083866107362284
su_attempted,0.18024490066943083
rerror_rate,0.1610665903959291
logged_in,0.1595817220615679
hot,0.1498780590793292
dst_host_same_srv_rate,0.14220981008885827
duration,0.1343778334432163
srv_serror_rate,0.11132479628552673
dst_host_count,0.10509634812330804
dst_host_serror_rate,0.09996177972417677
is_guest_login,0.0886987356273482
srv_diff_host_rate,0.08672890627746022
srv_rerror_rate,0.07645965677376367
dst_host_diff_srv_rate,0.07265226522535316
count,0.05774108134712976
dst_host_same_src_port_rate,0.046604913165630354
num_access_files,0.046245968244491197
dst_host_srv_diff_host_rate,0.03220360980136088
protocol_type,0.00987992100903066
dst_bytes,0.000232616442016588
src_bytes,1.6828215672075046e-05
is_host_login,0.0
num_outbound_cmds,0.0
land,0.0
urgent,0.0
num_shells,0.0
wrong_fragment,0.0
